{"credit":"Designed by Vahlgoul for use with the ChessCraft plugin.","texture_size":[64,64],"textures":{"particle":"custom/chesscraft/chess_pieces_white"},"elements":[{"from":[4,2,4],"to":[12,6,12],"rotation":{"angle":0,"axis":"y","origin":[16,0,0]},"faces":{"north":{"uv":[3.25,2.25,5.25,3.25],"texture":"#particle"},"east":{"uv":[3.25,2.25,5.25,3.25],"texture":"#particle"},"south":{"uv":[3.25,2.25,5.25,3.25],"texture":"#particle"},"west":{"uv":[3.25,2.25,5.25,3.25],"texture":"#particle"},"up":{"uv":[5.25,2.25,3.25,0.25],"texture":"#particle"}}},{"from":[5,7,4],"to":[11,14,11],"rotation":{"angle":0,"axis":"y","origin":[16,1,0]},"faces":{"north":{"uv":[0.25,6.25,1.75,8],"texture":"#particle"},"east":{"uv":[3.5,6.25,1.75,8],"texture":"#particle"},"south":{"uv":[3.5,6.25,5,8],"texture":"#particle"},"west":{"uv":[1.75,6.25,3.5,8],"texture":"#particle"},"up":{"uv":[7,8,5.5,6.25],"texture":"#particle"},"down":{"uv":[9,8,7.5,6.25],"texture":"#particle"}}},{"from":[7,11,7],"to":[9,23,13],"rotation":{"angle":0,"axis":"y","origin":[16,1,0]},"faces":{"north":{"uv":[0.25,10.25,0.75,13.25],"texture":"#particle"},"east":{"uv":[2.25,10.25,0.75,13.25],"texture":"#particle"},"south":{"uv":[2.25,10.25,2.75,13.25],"texture":"#particle"},"west":{"uv":[0.75,10.25,2.25,13.25],"texture":"#particle"},"up":{"uv":[3.75,11.75,3.25,10.25],"texture":"#particle"},"down":{"uv":[4.75,11.75,4.25,10.25],"texture":"#particle"}}},{"from":[5.5,17,2],"to":[10.5,22,11],"rotation":{"angle":-22.5,"axis":"x","origin":[8,17,11]},"faces":{"north":{"uv":[0.25,8.5,1.5,9.75],"texture":"#particle"},"east":{"uv":[3.75,8.5,1.5,9.75],"texture":"#particle"},"south":{"uv":[3.75,8.5,5,9.75],"texture":"#particle"},"west":{"uv":[1.5,8.5,3.75,9.75],"texture":"#particle"},"up":{"uv":[10.75,8.5,9.5,6.25],"texture":"#particle"},"down":{"uv":[12.5,8.5,11.25,6.25],"texture":"#particle"}}},{"from":[5.5,22,8],"to":[6.5,24,10],"rotation":{"angle":-22.5,"axis":"x","origin":[8,17,11]},"faces":{"north":{"uv":[3.75,12.75,4,13.25],"texture":"#particle"},"east":{"uv":[3.25,12.75,3.75,13.25],"texture":"#particle"},"south":{"uv":[4.5,12.75,4.75,13.25],"texture":"#particle"},"west":{"uv":[4,12.75,4.5,13.25],"texture":"#particle"},"up":{"uv":[4,12.75,3.75,12.25],"texture":"#particle"}}},{"from":[9.5,22,8],"to":[10.5,24,10],"rotation":{"angle":-22.5,"axis":"x","origin":[8,17,11]},"faces":{"north":{"uv":[4,12.75,3.75,13.25],"texture":"#particle"},"east":{"uv":[4.5,12.75,4,13.25],"texture":"#particle"},"south":{"uv":[4.75,12.75,4.5,13.25],"texture":"#particle"},"west":{"uv":[3.75,12.75,3.25,13.25],"texture":"#particle"},"up":{"uv":[3.75,12.75,4,12.25],"texture":"#particle"}}},{"from":[6.5,14,6],"to":[9.5,17,11],"rotation":{"angle":0,"axis":"y","origin":[16,1,0]},"faces":{"north":{"uv":[5.5,8.5,6.25,9.25],"texture":"#particle"},"east":{"uv":[7.5,8.5,6.25,9.25],"texture":"#particle"},"south":{"uv":[7.5,8.5,8.25,9.25],"texture":"#particle"},"west":{"uv":[6.25,8.5,7.5,9.25],"texture":"#particle"}}},{"from":[6,6,6],"to":[10,7,10],"rotation":{"angle":0,"axis":"y","origin":[16,1,0]},"faces":{"north":{"uv":[9.75,2.75,10.75,3],"texture":"#particle"},"east":{"uv":[9.75,2.75,10.75,3],"texture":"#particle"},"south":{"uv":[9.75,2.75,10.75,3],"texture":"#particle"},"west":{"uv":[9.75,2.75,10.75,3],"texture":"#particle"}}},{"from":[3,0,3],"to":[13,2,13],"rotation":{"angle":0,"axis":"y","origin":[16,0,0]},"faces":{"north":{"uv":[0.25,2.75,2.75,3.25],"texture":"#particle"},"east":{"uv":[0.25,2.75,2.75,3.25],"texture":"#particle"},"south":{"uv":[0.25,2.75,2.75,3.25],"texture":"#particle"},"west":{"uv":[0.25,2.75,2.75,3.25],"texture":"#particle"},"up":{"uv":[2.75,2.75,0.25,0.25],"texture":"#particle"},"down":{"uv":[2.75,5.75,0.25,3.25],"texture":"#particle"}}}],"display":{"thirdperson_righthand":{"rotation":[75,45,0],"translation":[0,1,0],"scale":[0.375,0.375,0.375]},"thirdperson_lefthand":{"rotation":[75,45,0],"translation":[0,1,0],"scale":[0.375,0.375,0.375]},"firstperson_righthand":{"rotation":[0,45,0],"scale":[0.4,0.4,0.4]},"firstperson_lefthand":{"rotation":[0,225,0],"scale":[0.4,0.4,0.4]},"ground":{"translation":[0,3,0],"scale":[0.25,0.25,0.25]},"gui":{"rotation":[30,225,0],"scale":[0.625,0.625,0.625]},"fixed":{"rotation":[-90,0,0],"translation":[0,0,-14],"scale":[2,2,2]}}}